<?xml version="1.0"?>
<pagescount>
	<html_total>16</html_total>
	<html_done>16</html_done>
	<images>170</images>
	<script>14</script>
	<css>14</css>
	<pdf/>
	<documents/>
	<excel/>
	<powerpoint/>
	<flash/>
	<audios/>
	<videos/>
	<xml/>
	<json/>
	<txt/>
	<autocad/>
	<fonts>24</fonts>
	<scraping_reload>1</scraping_reload>
	<is_pretty_url>false</is_pretty_url>
	<is_ebn>false</is_ebn>
	<email>pmahadev07@gmail.com</email>
	<theme_name>WmdTheme672386</theme_name>
	<server_url_front_page>https://www6.waybackmachinedownloader.com/wdo/files/demo/quomodosoft.com_pmahadev07_gmail.com_pilz99jh8q/</server_url_front_page>
	<no_www_url>quomodosoft.com</no_www_url>
	<hosted_domain/>
	<original_archive_url>https://quomodosoft.com/html/bisy/contact.html</original_archive_url>
	<final_archive_url>https://quomodosoft.com/html/bisy/contact.html</final_archive_url>
	<front_page_code_date/>
	<total_urls_from_api/>
	<max_reached_live>false</max_reached_live>
	<scrape_other_captures>false</scrape_other_captures>
	<total_size>12900</total_size>
</pagescount>
